Synonyms,Glossary,Synset in hierarchy,,,,,,,,,Synset,Label,PossibleNone,Familiar,UnfamiliarANDunsure,Notes
toga_virilis,(ancient Rome) a toga worn by a youth as a symbol of manhood and citizenship,,,,,"[Synset('toga_virilis.n.01')]],",,,,,Synset('toga_virilis.n.01'),l,,y,,
abaya,(Arabic) a loose black robe from head to toe; traditionally worn by Muslim women,,,"[Synset('abaya.n.01')],",,,,,,,Synset('abaya.n.01'),l,,n,,
prayer_shawl tallith tallis,(Judaism) a shawl with a ritually knotted fringe at each corner; worn by Jews at morning prayer,,,,,"[Synset('prayer_shawl.n.01')],",,,,,Synset('prayer_shawl.n.01'),l,,y,,
kanzu,(Swahili) a long garment (usually white) with long sleeves; worn by men in East Africa,,"[Synset('kanzu.n.01')],",,,,,,,,Synset('kanzu.n.01'),b,,n,x,unfamiliar but sounds like basic level from description 
trouser pant,"(usually in the plural) a garment extending from the waist to the knee or ankle, covering each leg separately",,"[Synset('trouser.n.01'),",,,,,,,,Synset('trouser.n.01'),b,,y,,basic level in hierachy
chap,(usually in the plural) leather leggings without a seat; joined by a belt; often have flared outer flaps; worn over trousers by cowboys to protect their legs,,,"[Synset('chap.n.04')],",,,,,,,Synset('chap.n.04'),l,,y,,specific type of trousers
slacks,(usually in the plural) pants for casual wear,,,"[Synset('slacks.n.01')],",,,,,,,Synset('slacks.n.01'),l,,y,,might be basic in the USA
flannel gabardine tweed white,(usually in the plural) trousers made of flannel or gabardine or tweed or white cloth,,,"[Synset('flannel.n.03')],",,,,,,,Synset('flannel.n.03'),l,,y,,
jean blue_jean denim,(usually plural) close-fitting trousers of heavy denim for manual work or casual wear,,,"[Synset('jean.n.01'),",,,,,,,Synset('jean.n.01'),b,,y,x,type of trousers but jeans are basic level 
caftan kaftan,a (cotton or silk) cloak with full sleeves and sash reaching down to the ankles; worn by men in the Levant,,,,"[Synset('caftan.n.02')],",,,,,,Synset('caftan.n.02'),l,,y,,
black_tie,a black bow tie worn with a dinner jacket,,,,,"[Synset('black_tie.n.02')],",,,,,Synset('black_tie.n.02'),l,,y,,
weeds widow's_weeds,a black garment (dress) worn by a widow as a sign of mourning,,"[Synset('weeds.n.01')],",,,,,,,,Synset('weeds.n.01'),l,x,n,x,unsure on term
poncho,a blanket-like cloak with a hole in the center for the head,,,,"[Synset('poncho.n.01')],",,,,,,Synset('poncho.n.01'),l,,y,,possible BL - distinctive
uplift,a brassiere that lifts and supports the breasts,,,,"[Synset('uplift.n.02')]],",,,,,,Synset('uplift.n.02'),l,,y,,
three-piece_suit,a business suit consisting of a jacket and vest and trousers,,,,"[Synset('three-piece_suit.n.01')],",,,,,,Synset('three-piece_suit.n.01'),l,,y,,
two-piece two-piece_suit lounge_suit,a business suit consisting of a matching jacket and skirt or trousers,,,,"[Synset('two-piece.n.01')]],",,,,,,Synset('two-piece.n.01'),l,,y,,
sunsuit,a child's garment consisting of a brief top and shorts,,"[Synset('sunsuit.n.01')],",,,,,,,,Synset('sunsuit.n.01'),l,,y,,
snowsuit,a child's overgarment for cold weather,,,"[Synset('snowsuit.n.01')]],",,,,,,,Synset('snowsuit.n.01'),l,,y,,
wet_suit,a close-fitting garment made of a permeable material; worn in cold water (as by skin divers) to retain body heat,,"[Synset('wet_suit.n.01')],",,,,,,,,Synset('wet_suit.n.01'),b,,y,x,"may also be subordinate to swimsuit or suit, but it is a distinctive term within itself as immediately picture a wetsuit which has different shape and purpose - so labelled basic "
jersey T-shirt tee_shirt,a close-fitting pullover shirt,,,"[Synset('jersey.n.03'),",,,,,,,Synset('jersey.n.03'),l,x,y,,can refer to type of material or fit - perhaps no basic level 
spat gaiter,a cloth covering (a legging) that covers the instep and ankles,,,"[Synset('spat.n.02')]],",,,,,,,Synset('spat.n.02'),l,,n,,specific type of legging
chador chadar chaddar chuddar,a cloth used as a head covering (and veil and shawl) by Muslim and Hindu women,,,"[Synset('chador.n.01')],",,,,,,,Synset('chador.n.01'),l,,y,,specific type of head covering (its superordinate)
fur_coat,a coat made of fur,,,,"[Synset('fur_coat.n.01'),",,,,,,Synset('fur_coat.n.01'),l,,y,,
sheepskin_coat afghan,a coat made of sheepskin,,,,"[Synset('sheepskin_coat.n.01')],",,,,,,Synset('sheepskin_coat.n.01'),l,,y,,
singlet vest undershirt,a collarless men's undergarment for the upper part of the body,,,"[Synset('singlet.n.01')],",,,,,,,Synset('singlet.n.01'),l,,y,,
bolo_tie bolo bola_tie bola,a cord fastened around the neck with an ornamental clasp and worn as a necktie,,,,"[Synset('bolo_tie.n.01')],",,,,,,Synset('bolo_tie.n.01'),l,,y,,
ascot,a cravat with wide square ends; secured with an ornamental pin,,,,"[Synset('ascot.n.01')],",,,,,,Synset('ascot.n.01'),l,,y,,
sweater jumper,a crocheted or knitted garment covering the upper part of the body,,"[Synset('sweater.n.01'),",,,,,,,,Synset('sweater.n.01'),b,,y,,
culotte,a divided skirt,,,"[Synset('culotte.n.01')],",,,,,,,Synset('culotte.n.01'),l,,y,,
niqab,a face veil covering the lower part of the face (up to the eyes) worn by observant Muslim women,,,,"[Synset('niqab.n.01')]],",,,,,,Synset('niqab.n.01'),l,,y,,
chesterfield,a fitted overcoat with a velvet collar,,,,,"[Synset('chesterfield.n.03')],",,,,,Synset('chesterfield.n.03'),l,,y,,
zoot_suit,a flashy suit of extreme cut,,,"[Synset('zoot_suit.n.01')]],",,,,,,,Synset('zoot_suit.n.01'),l,,y,,
dirndl,a full skirt with a gathered waistband,,,,"[Synset('dirndl.n.01')]],",,,,,,Synset('dirndl.n.01'),l,,y,,
crinoline,a full stiff petticoat made of crinoline fabric,,,,"[Synset('crinoline.n.02')]],",,,,,,Synset('crinoline.n.02'),l,,y,,
sable_coat,a fur coat made of sable furs,,,,,"[Synset('sable_coat.n.01')]],",,,,,Synset('sable_coat.n.01'),l,,y,,
swaddling_clothes swaddling_bands,a garment (a gown or narrow strips of cloth) for an infant,,"[Synset('swaddling_clothes.n.01')],",,,,,,,,Synset('swaddling_clothes.n.01'),l,,y,,
wraparound,a garment (as a dress or coat) with a full length opening; adjusts to the body by wrapping around,,[Synset('wraparound.n.01')]],,,,,,,,Synset('wraparound.n.01'),h,x,y,x,may not have basic level - can be any garment
sealskin,a garment (as a jacket or coat or robe) made of sealskin,,"[Synset('sealskin.n.02')],",,,,,,,,Synset('sealskin.n.02'),l,,y,,
raglan,a garment (coat or sweater) that has raglan sleeves,,"[Synset('raglan.n.01')],",,,,,,,,Synset('raglan.n.01'),l,x,n,x,specific type of sleeves so perhaps subordinate or has no basic level?
reversible,a garment (especially a coat) that can be worn inside out (with either side of the cloth showing),,"[Synset('reversible.n.01')],",,,,,,,,Synset('reversible.n.01'),b,x,y,x,perhaps no basic level as can be any garment that is reversible 
trouser,a garment (or part of a garment) designed for or relating to trousers,,"[Synset('trouser.n.02')],",,,,,,,,Synset('trouser.n.02'),l,,y,x,also basic level but lower in branch 
legging leging leg_covering,a garment covering the leg (usually extending from the knee to the ankle),,"[Synset('legging.n.01'),",,,,,,,,Synset('legging.n.01'),b,,y,,
skirt,a garment hanging from the waist; worn mainly by girls and women,,"[Synset('skirt.n.02'),",,,,,,,,Synset('skirt.n.02'),b,,y,,
camlet,a garment made of camlet fabric,,"[Synset('camlet.n.01')],",,,,,,,,Synset('camlet.n.01'),l,x,,,specific type of fabric so subordinate?
sackcloth,a garment made of coarse sacking; formerly worn as an indication of remorse,,"[Synset('sackcloth.n.01')],",,,,,,,,Synset('sackcloth.n.01'),b,,n,x,"unsure on item, but description sounds like basic level"
motley,a garment made of motley (especially a court jester's costume),,"[Synset('motley.n.02')],",,,,,,,,Synset('motley.n.02'),l,x,n,x,perhaps no basic level if it is specific material 
fur,a garment made of the dressed hairy coat of a mammal,,"[Synset('fur.n.03')],",,,,,,,,Synset('fur.n.03'),h,x,y,,can refer to any garment with fur - perhaps no basic level
kirtle,a garment resembling a tunic that was worn by men in the Middle Ages,,,,,"[Synset('kirtle.n.01')],",,,,,Synset('kirtle.n.01'),l,,y,,
straitjacket straightjacket,a garment similar to a jacket that is used to bind the arms tightly against the body as a means of restraining a violent person,,"[Synset('straitjacket.n.02')],",,,,,,,,Synset('straitjacket.n.02'),l,,y,,
separate,a garment that can be purchased separately and worn in combinations with other garments,,"[Synset('separate.n.02')],",,,,,,,,Synset('separate.n.02'),h,x,y,x,perhaps no basic level as can be anything?
head_covering veil,a garment that covers the head and face,,"[Synset('head_covering.n.01'),",,,,,,,,Synset('head_covering.n.01'),h,,y,,superordinate/general category
breechcloth breechclout loincloth,a garment that provides covering for the loins,,"[Synset('breechcloth.n.01'),",,,,,,,,Synset('breechcloth.n.01'),l,,n,,google search shows from native americans - perhaps basic level?
scarf,a garment worn around the head or neck or shoulders for warmth or decoration,,"[Synset('scarf.n.01'),",,,,,,,,Synset('scarf.n.01'),b,,y,,
peplos peplus peplum,a garment worn by women in ancient Greece; cloth caught at the shoulders and draped in folds to the waist,,"[Synset('peplos.n.01')],",,,,,,,,Synset('peplos.n.01'),b,,n,x,sounds like basic level for 'toga' garments
shirt,a garment worn on the upper half of the body,,"[Synset('shirt.n.01'),",,,,,,,,Synset('shirt.n.01'),b,,y,,
overgarment outer_garment,a garment worn over other garments,,"[Synset('overgarment.n.01'),",,,,,,,,Synset('overgarment.n.01'),h,,y,,
undergarment unmentionable,a garment worn under other garments,,"[Synset('undergarment.n.01'),",,,,,,,,Synset('undergarment.n.01'),b,,y,,
hijab,a headscarf worn by Muslim women; conceals the hair and neck and usually has a face veil that covers the face,,,,,"[Synset('hijab.n.01')],",,,,,Synset('hijab.n.01'),l,,y,,
khimar,a headscarf worn by observant Muslim women that hangs down to just above the waist,,,,,"[Synset('khimar.n.01')]],",,,,,Synset('khimar.n.01'),l,,y,,
greatcoat overcoat topcoat,a heavy coat worn over clothes in winter,,,,"[Synset('greatcoat.n.01'),",,,,,,Synset('greatcoat.n.01'),l,,y,,
capuchin,a hooded cloak for women,,,,"[Synset('capuchin.n.01')],",,,,,,Synset('capuchin.n.01'),l,,y,,
dolman dolman_jacket,a hussar's jacket worn over the shoulders,,,,,"[Synset('dolman.n.01')],",,,,,Synset('dolman.n.01'),l,,y,,
bomber_jacket,a jacket gathered into a band at the waist,,,,,"[Synset('bomber_jacket.n.01')],",,,,,Synset('bomber_jacket.n.01'),l,,y,,
Eton_jacket,a jacket hanging to the waist and cut square at the bottom,,,,,"[Synset('eton_jacket.n.01')],",,,,,Synset('eton_jacket.n.01'),l,,y,,
double-breasted_jacket,a jacket having fronts that overlap enough for two separate rows of buttons,,,,,"[Synset('double-breasted_jacket.n.01')],",,,,,Synset('double-breasted_jacket.n.01'),l,,y,,
single-breasted_jacket,a jacket having fronts that overlap only enough for a single row of buttons,,,,,"[Synset('single-breasted_jacket.n.01')],",,,,,Synset('single-breasted_jacket.n.01'),l,,y,,
neckerchief,a kerchief worn around the neck,,,,"[Synset('neckerchief.n.01')]],",,,,,,Synset('neckerchief.n.01'),l,,y,,
headscarf,a kerchief worn over the head and tied under the chin,,,,"[Synset('headscarf.n.01'),",,,,,,Synset('headscarf.n.01'),l,,y,,
parka windbreaker windcheater anorak,a kind of heavy jacket (`windcheater' is a British term),,,,,"[Synset('parka.n.01'),",,,,,Synset('parka.n.01'),l,,y,,
kilt,a knee-length pleated tartan skirt worn by men as part of the traditional dress in the Highlands of northern Scotland,,,"[Synset('kilt.n.01')],",,,,,,,Synset('kilt.n.01'),l,,y,,
opera_cloak opera_hood,a large cloak worn over evening clothes,,,,"[Synset('opera_cloak.n.01')],",,,,,,Synset('opera_cloak.n.01'),l,,y,,
lab_coat laboratory_coat,a light coat worn to protect clothing from substances used while working in a laboratory,,,,"[Synset('lab_coat.n.01')],",,,,,,Synset('lab_coat.n.01'),l,,y,,
Mao_jacket,a light weight jacket with a high collar; worn by Mao Zedong and the Chinese people during his regime,,,,,"[Synset('mao_jacket.n.01')],",,,,,Synset('mao_jacket.n.01'),l,,n,,
Burberry,a lightweight belted raincoat typically made of tan gabardine with a distinctive tartan lining; named for the original manufacturer,,,,,"[Synset('burberry.n.01')],",,,,,Synset('burberry.n.01'),l,,y,,
bed_jacket,a lightweight jacket worn over bedclothes (as when sitting in bed),,,,,"[Synset('bed_jacket.n.01')],",,,,,Synset('bed_jacket.n.01'),l,,y,,
fichu,a lightweight triangular scarf worn by a woman,,,"[Synset('fichu.n.01')],",,,,,,,Synset('fichu.n.01'),l,,y,,
serape sarape,a long brightly colored shawl; worn mainly by Mexican men,,,,,"[Synset('serape.n.01')]],",,,,,Synset('serape.n.01'),l,,y,,
capote hooded_cloak,a long cloak with a hood that can be pulled over the head,,,,"[Synset('capote.n.02')],",,,,,,Synset('capote.n.02'),l,,y,,
cope,a long cloak; worn by a priest or bishop on ceremonial occasions,,,,"[Synset('cope.n.02')],",,,,,,Synset('cope.n.02'),l,,y,,
newmarket,a long close-fitting coat worn for riding in the 19th century,,,,"[Synset('newmarket.n.01')],",,,,,,Synset('newmarket.n.01'),l,,y,,
burnous burnoose burnouse,a long hooded cloak woven of wool in one piece; worn by Arabs and Moors,,,,"[Synset('burnous.n.01')],",,,,,,Synset('burnous.n.01'),l,,y,,
dhoti,a long loincloth worn by Hindu men,,,"[Synset('dhoti.n.01')]],",,,,,,,Synset('dhoti.n.01'),l,,n,,subordinate of breechcloth^^
four-in-hand,a long necktie that is tied in a slipknot with one end hanging in front of the other,,,,"[Synset('four-in-hand.n.01')],",,,,,,Synset('four-in-hand.n.01'),l,,y,,
capote hooded_coat,a long overcoat with a hood that can be pulled over the head,,,,,"[Synset('capote.n.01')],",,,,,Synset('capote.n.01'),l,,y,,
maxi,a long skirt ending below the calf,,,"[Synset('maxi.n.01')],",,,,,,,Synset('maxi.n.01'),l,,y,,
full_skirt,a long skirt gathered at the waist,,,"[Synset('full_skirt.n.01')],",,,,,,,Synset('full_skirt.n.01'),l,,y,,
hobble_skirt,"a long skirt very narrow below the knees, worn between 1910 and 1914",,,"[Synset('hobble_skirt.n.01')],",,,,,,,Synset('hobble_skirt.n.01'),l,,y,,
feather_boa boa,a long thin fluffy scarf of feathers or fur,,,"[Synset('feather_boa.n.01')],",,,,,,,Synset('feather_boa.n.01'),l,,y,,
kameez,a long tunic worn by many people from the Indian subcontinent (usually with a salwar or churidars),,,,,"[Synset('kameez.n.01')],",,,,,Synset('kameez.n.01'),l,,y,,
rebozo,a long woolen or linen scarf covering the head and shoulders (also used as a sling for holding a baby); traditionally worn by Latin-American women,,,"[Synset('rebozo.n.01')],",,,,,,,Synset('rebozo.n.01'),l,,n,,
dashiki daishiki,a loose and brightly colored African shirt,,,"[Synset('dashiki.n.01')],",,,,,,,Synset('dashiki.n.01'),l,,n,,
jellaba,a loose cloak with a hood; worn in the Middle East and northern Africa,,,,"[Synset('jellaba.n.01')],",,,,,,Synset('jellaba.n.01'),l,,y,,
kurta,a loose collarless shirt worn by many people on the Indian subcontinent (usually with a salwar or churidars or pyjama),,,"[Synset('kurta.n.01')],",,,,,,,Synset('kurta.n.01'),l,,y,,
banyan banian,a loose fitting jacket; originally worn in India,,,,,"[Synset('banyan.n.02')],",,,,,Synset('banyan.n.02'),l,,y,,
bush_jacket,a loose fitting jacket; resembles a shirt with four patch pockets and a belt,,,,,"[Synset('bush_jacket.n.01')],",,,,,Synset('bush_jacket.n.01'),l,,y,,
burqa burka,a loose garment (usually with veiled holes for the eyes) worn by Muslim women especially in India and Pakistan,,"[Synset('burqa.n.01')],",,,,,,,,Synset('burqa.n.01'),b,,y,,
domino,a loose hooded cloak worn with a half mask as part of a masquerade costume,,,,"[Synset('domino.n.02')],",,,,,,Synset('domino.n.02'),l,,y,,
jumper,a loose jacket or blouse worn by workmen,,,,,"[Synset('jumper.n.06')],",,,,,Synset('jumper.n.06'),b,,y,x,"from description - subordinate, general term jumper may be basic level"
surcoat,a loose outer coat usually of rich material,,,,"[Synset('surcoat.n.01')],",,,,,,Synset('surcoat.n.01'),l,,y,,
cloak,a loose outer garment,,,"[Synset('cloak.n.02'),",,,,,,,Synset('cloak.n.02'),h,,y,,
kimono,a loose robe; imitated from robes originally worn by Japanese,,,"[Synset('kimono.n.01')]],",,,,,,,Synset('kimono.n.01'),l,,y,,
camise,a loose shirt or tunic; originally worn in the Middle Ages,,,"[Synset('camise.n.01')],",,,,,,,Synset('camise.n.01'),l,,n,,
sarong,a loose skirt consisting of brightly colored fabric wrapped around the body; worn by both women and men in the South Pacific,,,"[Synset('sarong.n.01')]],",,,,,,,Synset('sarong.n.01'),l,,y,,
aba,a loose sleeveless outer garment made from aba cloth; worn by Arabs,,,"[Synset('aba.n.01')],",,,,,,,Synset('aba.n.01'),h,,y,,general term for gatments from aba 
bathrobe,a loose-fitting robe of towelling; worn after a bath or swim,,,"[Synset('bathrobe.n.01')],",,,,,,,Synset('bathrobe.n.01'),l,,y,,robe is basic level
oilskin slicker,a macintosh made from cotton fabric treated with oil and pigment to make it waterproof,,,,,,"[Synset('oilskin.n.01')]],",,,,Synset('oilskin.n.01'),l,,n,,
doublet,a man's close-fitting jacket; worn during the Renaissance,,,,,"[Synset('doublet.n.01')],",,,,,Synset('doublet.n.01'),l,,y,,
cutaway,a man's coat cut diagonally from the waist to the back of the knees,,,,"[Synset('cutaway.n.02')],",,,,,,Synset('cutaway.n.02'),l,,y,,
frock_coat,a man's coat having knee-length skirts front and back; worn in the 19th century,,,,"[Synset('frock_coat.n.01'),",,,,,,Synset('frock_coat.n.01'),l,,y,,
Prince_Albert,a man's double-breasted frock coat,,,,,"[Synset('prince_albert.n.02')]],",,,,,Synset('prince_albert.n.02'),l,,y,,
swallow-tailed_coat swallowtail morning_coat,a man's full-dress jacket with two long tapering tails at the back,,,,,"[Synset('swallow-tailed_coat.n.01')]],",,,,,Synset('swallow-tailed_coat.n.01'),l,,y,,
surtout,a man's overcoat in the style of a frock coat,,,,,"[Synset('surtout.n.01')],",,,,,Synset('surtout.n.01'),l,,y,,
vest waistcoat,a man's sleeveless garment worn underneath a coat,,"[Synset('vest.n.01'),",,,,,,,,Synset('vest.n.01'),b,,y,,
bow_tie bow-tie bowtie,a man's tie that ties in a bow,,,,"[Synset('bow_tie.n.01'),",,,,,,Synset('bow_tie.n.01'),l,,y,,
dress_shirt evening_shirt,a man's white shirt (with a starch front) for evening wear (usually with a tuxedo),,,"[Synset('dress_shirt.n.01')],",,,,,,,Synset('dress_shirt.n.01'),l,,y,,
trench_coat,a military style raincoat; belted with deep pockets,,,,,"[Synset('trench_coat.n.01')]],",,,,,Synset('trench_coat.n.01'),l,,y,,
toga,a one-piece cloak worn by men in ancient Rome,,,,"[Synset('toga.n.01'),",,,,,,Synset('toga.n.01'),l,,y,,
romper romper_suit,a one-piece garment for children to wear at play; the lower part is shaped like bloomers,,"[Synset('romper.n.02')],",,,,,,,,Synset('romper.n.02'),b,,y,,standard term for babygrow 
body_stocking,a one-piece tight-fitting undergarment for women that covers the torso (and may have sleeves and legs),,,"[Synset('body_stocking.n.01')],",,,,,,,Synset('body_stocking.n.01'),b,,y,,
salwar shalwar,a pair of light loose trousers with a tight fit around the ankles; worn by women from the Indian subcontinent (usually with a kameez),,,"[Synset('salwar.n.01')],",,,,,,,Synset('salwar.n.01'),l,,y,,
pajama pyjama,a pair of loose trousers tied by a drawstring around the waist; worn by men and women in some Asian countries,,,"[Synset('pajama.n.01')],",,,,,,,Synset('pajama.n.01'),l,,y,x,"type of trouser by definition, but pajamas in general may be basic level"
pants_suit pantsuit,a pair of pants and a matching jacket worn by women,,,,"[Synset('pants_suit.n.01')]],",,,,,,Synset('pants_suit.n.01'),l,,y,,
ski_parka ski_jacket,a parka to be worn while skiing,,,,,,"[Synset('ski_parka.n.01')]],",,,,Synset('ski_parka.n.01'),l,,y,,
face_veil,a piece of more-or-less transparent material that covers the face,,,"[Synset('face_veil.n.01'),",,,,,,,Synset('face_veil.n.01'),h,,y,,
Levi's levis,a popular brand of jeans,,,,"[Synset('levi's.n.01')]],",,,,,,Synset('levi's.n.01'),l,,y,,
dressing_gown robe-de-chambre lounging_robe,a robe worn before dressing or while lounging,,,"[Synset('dressing_gown.n.01')],",,,,,,,Synset('dressing_gown.n.01'),l,,y,,possible BL
pea_jacket peacoat,a sailor's heavy woolen double-breasted jacket,,,,,"[Synset('pea_jacket.n.01')],",,,,,Synset('pea_jacket.n.01'),l,,y,,
sable,a scarf (or trimming) made of sable,,,"[Synset('sable.n.04')],",,,,,,,Synset('sable.n.04'),l,,n,,
lambrequin,a scarf that covers a knight's helmet,,,"[Synset('lambrequin.n.01')],",,,,,,,Synset('lambrequin.n.01'),l,,n,,
tudung,a scarf worn around the head by Muslim women in Malaysia; conceals the hair but not the face,,,"[Synset('tudung.n.01')]],",,,,,,,Synset('tudung.n.01'),l,,n,,
muffler,a scarf worn around the neck,,,"[Synset('muffler.n.02')],",,,,,,,Synset('muffler.n.02'),l,,y,,
patka,a scarf worn by Sikh men,,,"[Synset('patka.n.01')],",,,,,,,Synset('patka.n.01'),l,,n,,
suit suit_of_clothes,a set of garments (usually including a jacket and trousers or skirt) for outerwear all of the same fabric and color,,"[Synset('suit.n.01'),",,,,,,,,Synset('suit.n.01'),b,,y,,
polo_shirt sport_shirt,a shirt with short sleeves designed for comfort and casual wear,,,"[Synset('polo_shirt.n.01')],",,,,,,,Synset('polo_shirt.n.01'),l,,y,,
coatee,a short close-fitting coat,,,,"[Synset('coatee.n.01')],",,,,,,Synset('coatee.n.01'),l,,y,,
jacket,a short coat,,,,"[Synset('jacket.n.01'),",,,,,,Synset('jacket.n.01'),b,,y,x,"subordinate of coat, but used as basic level"
box_coat,a short coat that hangs loosely from the shoulders,,,,"[Synset('box_coat.n.01')],",,,,,,Synset('box_coat.n.01'),l,,y,,
bolero,a short jacket; worn mostly by women,,,,,"[Synset('bolero.n.02')],",,,,,Synset('bolero.n.02'),l,,y,,
chlamys,a short mantle or cape fastened at the shoulder; worn by men in ancient Greece,,,,,"[Synset('chlamys.n.02')],",,,,,Synset('chlamys.n.02'),l,,y,,
mackinaw Mackinaw_coat,a short plaid coat made of made of thick woolen material,,,,"[Synset('mackinaw.n.01')],",,,,,,Synset('mackinaw.n.01'),l,,y,,
tabard,a short sleeveless outer tunic emblazoned with a coat of arms; worn by a knight over his armor or by a herald,,,,,"[Synset('tabard.n.01')]],",,,,,Synset('tabard.n.01'),l,,y,,
camisole underbodice,a short sleeveless undergarment for women,,,"[Synset('camisole.n.01')],",,,,,,,Synset('camisole.n.01'),l,,y,,
donkey_jacket,a short thick jacket; often worn by workmen,,,,,"[Synset('donkey_jacket.n.01')],",,,,,Synset('donkey_jacket.n.01'),l,,y,,
lumberjack lumber_jacket,a short warm outer jacket,,,,,"[Synset('lumberjack.n.02')],",,,,,Synset('lumberjack.n.02'),l,,y,,
lavalava,a skirt consisting of a rectangle of calico or printed cotton; worn by Polynesians (especially Samoans),,,"[Synset('lavalava.n.01')],",,,,,,,Synset('lavalava.n.01'),l,,y,,
grass_skirt,a skirt made of long blades of grass,,,"[Synset('grass_skirt.n.01')],",,,,,,,Synset('grass_skirt.n.01'),l,,y,,
hoopskirt crinoline,a skirt stiffened with hoops,,,"[Synset('hoopskirt.n.01')],",,,,,,,Synset('hoopskirt.n.01'),l,,y,,
gathered_skirt,a skirt whose fabric is drawn together around the waist,,,"[Synset('gathered_skirt.n.01'),",,,,,,,Synset('gathered_skirt.n.01'),l,,y,,
pelisse,a sleeveless cape that is lined or trimmed with fur,,,,,"[Synset('pelisse.n.01')],",,,,,Synset('pelisse.n.01'),l,,y,,
cape mantle,a sleeveless garment like a cloak but shorter,,,,"[Synset('cape.n.02'),",,,,,,Synset('cape.n.02'),l,,y,,
gymslip,a sleeveless tunic worn by English girls as part of a school uniform,,,,,"[Synset('gymslip.n.01')],",,,,,Synset('gymslip.n.01'),l,,y,,
kerchief,a square scarf that is folded into a triangle and worn over the head or about the neck,,,"[Synset('kerchief.n.01'),",,,,,,,Synset('kerchief.n.01'),l,,y,,
puttee,a strip of cloth wound around the leg to form legging; used by soldiers in World War I,,,"[Synset('puttee.n.01')],",,,,,,,Synset('puttee.n.01'),l,,n,,
single-breasted_suit,a suit having a single-breasted jacket,,,"[Synset('single-breasted_suit.n.01')],",,,,,,,Synset('single-breasted_suit.n.01'),l,,y,,
pinstripe,a suit made from a fabric with very thin stripes,,,"[Synset('pinstripe.n.01')],",,,,,,,Synset('pinstripe.n.01'),l,,y,,
business_suit,a suit of clothes traditionally worn by businessmen,,,"[Synset('business_suit.n.01'),",,,,,,,Synset('business_suit.n.01'),l,,y,,
double-breasted_suit,a suit with a double-breasted jacket,,,"[Synset('double-breasted_suit.n.01')],",,,,,,,Synset('double-breasted_suit.n.01'),l,,y,,
turtleneck turtle polo-neck,a sweater or jersey with a high close-fitting collar,,,,"[Synset('turtleneck.n.01')]],",,,,,,Synset('turtleneck.n.01'),l,,y,,
turtleneck turtle polo-neck,a sweater or jersey with a high close-fitting collar,,,"[Synset('turtleneck.n.01')]],",,,,,,,Synset('turtleneck.n.01'),x,,y,,duplicate
pullover slipover,a sweater that is put on by pulling it over the head,,,"[Synset('pullover.n.01'),",,,,,,,Synset('pullover.n.01'),l,,y,,
jerkin,a tight sleeveless and collarless jacket (often made of leather) worn by men in former times,,,,,"[Synset('jerkin.n.01')],",,,,,Synset('jerkin.n.01'),l,,y,,
leotard unitard body_suit cat_suit,a tight-fitting garment of stretchy material that covers the body from the shoulders to the thighs (and may have long sleeves or legs reaching down to the ankles); worn by ballet dancers and acrobats for practice or performance,,"[Synset('leotard.n.01')],",,,,,,,,Synset('leotard.n.01'),b,,y,,
tank_top,a tight-fitting sleeveless shirt with wide shoulder straps and low neck and no front opening; often worn over a shirt or blouse,,,"[Synset('tank_top.n.01')],",,,,,,,Synset('tank_top.n.01'),l,,y,,
surcoat,a tunic worn over a knight's armor,,,,,"[Synset('surcoat.n.02')],",,,,,Synset('surcoat.n.02'),l,,y,,
string_tie,a very narrow necktie usually tied in a bow,,,,"[Synset('string_tie.n.01')],",,,,,,Synset('string_tie.n.01'),l,,y,,
miniskirt mini,a very short skirt,,,"[Synset('miniskirt.n.01')],",,,,,,,Synset('miniskirt.n.01'),l,,y,,
bulletproof_vest,a vest capable of resisting the impact of a bullet,,,"[Synset('bulletproof_vest.n.01')]],",,,,,,,Synset('bulletproof_vest.n.01'),l,x,y,,
izar,a voluminous cotton outer garment (usually white) traditionally worn by Muslim women of northern Africa and the Middle East; covers the entire body,,,"[Synset('izar.n.01')],",,,,,,,Synset('izar.n.01'),b,,n,x,sounds like basic level from description but unsure on item 
duffel_coat duffle_coat,a warm coat made of duffel; usually has a hood and fastens with toggles,,,,"[Synset('duffel_coat.n.01')],",,,,,,Synset('duffel_coat.n.01'),l,,y,,
raincoat waterproof,a water-resistant coat,,,,"[Synset('raincoat.n.01'),",,,,,,Synset('raincoat.n.01'),l,,y,,
macintosh mackintosh mac mack,a waterproof raincoat made of rubberized fabric,,,,,"[Synset('macintosh.n.02'),",,,,,Synset('macintosh.n.02'),l,,y,,
garter_belt suspender_belt,a wide belt of elastic with straps hanging from it; worn by women to hold up stockings,,,"[Synset('garter_belt.n.01')],",,,,,,,Synset('garter_belt.n.01'),l,x,y,,
Windsor_tie,a wide necktie worn in a loose bow,,,,"[Synset('windsor_tie.n.01')]]],",,,,,,Synset('windsor_tie.n.01'),l,,y,,
stole,a wide scarf worn about their shoulders by women,,,"[Synset('stole.n.01')],",,,,,,,Synset('stole.n.01'),l,,n,,
dolman,a woman's cloak with dolman sleeves,,,,"[Synset('dolman.n.02')],",,,,,,Synset('dolman.n.02'),l,,y,,
corset girdle stays,a woman's close-fitting foundation garment,,,,"[Synset('corset.n.01'),",,,,,,Synset('corset.n.01'),b,,y,,may be subordinate - but is distinct and differentiated from other terms
hug-me-tight,a woman's fitted jacket,,,,,"[Synset('hug-me-tight.n.01')],",,,,,Synset('hug-me-tight.n.01'),l,,y,,
roll-on,a woman's foundation garment rolled on to the hips,,,,"[Synset('roll-on.n.02')]],",,,,,,Synset('roll-on.n.02'),l,x,y,,
sack sacque,a woman's full loose hiplength jacket,,,,,"[Synset('sack.n.05')],",,,,,Synset('sack.n.05'),l,,y,,
tippet,a woman's fur shoulder cape with hanging ends; often consisting of the whole fur of a fox or marten,,,,,"[Synset('tippet.n.01')]],",,,,,Synset('tippet.n.01'),l,,y,,
babushka,a woman's headscarf folded into a triangle and tied under the chin; worn by Russian peasant women,,,,,"[Synset('babushka.n.01')],",,,,,Synset('babushka.n.01'),l,,y,,
dressing_sack dressing_sacque,a woman's loose jacket; worn while dressing,,,,,"[Synset('dressing_sack.n.01')],",,,,,Synset('dressing_sack.n.01'),l,,y,,
maillot tank_suit,a woman's one-piece bathing suit,,,"[Synset('maillot.n.01')],",,,,,,,Synset('maillot.n.01'),l,,n,,
topper,a woman's short coat,,,,"[Synset('topper.n.05')]],",,,,,,Synset('topper.n.05'),l,,y,,
mantilla,a woman's silk or lace scarf,,,"[Synset('mantilla.n.01')],",,,,,,,Synset('mantilla.n.01'),l,,y,,
chemise shimmy shift slip teddy,a woman's sleeveless undergarment,,,"[Synset('chemise.n.01')],",,,,,,,Synset('chemise.n.01'),l,,y,,
panty_girdle,a woman's undergarment that combines a girdle and panties,,,,,"[Synset('panty_girdle.n.01')]],",,,,,Synset('panty_girdle.n.01'),l,,y,,
foundation_garment foundation,a woman's undergarment worn to give shape to the contours of the body,,,"[Synset('foundation_garment.n.01'),",,,,,,,Synset('foundation_garment.n.01'),l,x,y,,
bikini two-piece,a woman's very brief bathing suit,,,"[Synset('bikini.n.02')],",,,,,,,Synset('bikini.n.02'),b,,y,,
chiton,a woolen tunic worn by men and women in ancient Greece,,,,,"[Synset('chiton.n.01')],",,,,,Synset('chiton.n.01'),l,,y,,
garment,an article of clothing,"[Synset('garment.n.01'),",,,,,,,,,Synset('garment.n.01'),h,,y,,
neckcloth stock,an ornamental white cravat,,,,"[Synset('neckcloth.n.01')]],",,,,,,Synset('neckcloth.n.01'),l,,y,,
haik haick,an outer garment consisting of a large piece of white cloth; worn by men and women in northern Africa,,"[Synset('haik.n.01')],",,,,,,,,Synset('haik.n.01'),l,,n,x,may be basic level as can refer to many types but unsure of what it is 
coat,an outer garment that has sleeves and covers the body from shoulder down; worn outdoors,,,"[Synset('coat.n.01'),",,,,,,,Synset('coat.n.01'),b,,y,,
overskirt,an outer skirt worn over another skirt,,,"[Synset('overskirt.n.01')],",,,,,,,Synset('overskirt.n.01'),l,,y,,
hair_shirt,an uncomfortable shirt made of coarse animal hair; worn next to the skin as a penance,,,"[Synset('hair_shirt.n.01')],",,,,,,,Synset('hair_shirt.n.01'),l,,n,,
underpants,an undergarment that covers the body from the waist no further than to the thighs; usually worn next to the skin,,,"[Synset('underpants.n.01'),",,,,,,,Synset('underpants.n.01'),l,,y,,
long_underwear union_suit,an undergarment with shirt and drawers in one piece,,,"[Synset('long_underwear.n.01')],",,,,,,,Synset('long_underwear.n.01'),l,x,y,,
brassiere bra bandeau,an undergarment worn by women to support their breasts,,,"[Synset('brassiere.n.01'),",,,,,,,Synset('brassiere.n.01'),b,,y,,
robe,any loose flowing garment,,"[Synset('robe.n.01'),",,,,,,,,Synset('robe.n.01'),b,,y,,
tunic,any of a variety of loose fitting cloaks extending to the hips or knees,,,,"[Synset('tunic.n.02'),",,,,,,Synset('tunic.n.02'),l,,y,,
neckwear,articles of clothing worn about the neck,,"[Synset('neckwear.n.01'),",,,,,,,,Synset('neckwear.n.01'),h,,y,,
white_tie,bow tie worn as part of a man's formal evening dress,,,,,"[Synset('white_tie.n.01')]],",,,,,Synset('white_tie.n.01'),l,,y,,
buckskins,breeches made of buckskin,,,,"[Synset('buckskins.n.01')],",,,,,,Synset('buckskins.n.01'),l,,y,,
slack_suit,casual dress consisting of slacks and matching jacket,,,"[Synset('slack_suit.n.01'),",,,,,,,Synset('slack_suit.n.01'),l,,y,,
shawl,cloak consisting of an oblong piece of cloth used to cover the head and shoulders,,,,"[Synset('shawl.n.01'),",,,,,,Synset('shawl.n.01'),l,,y,,
pallium,cloak or mantle worn by men in ancient Rome,,,,"[Synset('pallium.n.04')],",,,,,,Synset('pallium.n.04'),l,,y,,
wrap wrapper,cloak that is folded or wrapped around a person,,,,"[Synset('wrap.n.01')]],",,,,,,Synset('wrap.n.01'),l,,y,,
sweatshirt,cotton knit pullover with long sleeves worn during athletic activity,,,,"[Synset('sweatshirt.n.01')]],",,,,,,Synset('sweatshirt.n.01'),b,,y,,subordinate of sweater but used as BL for jumpers
cords corduroys,cotton trousers made of corduroy cloth,,,"[Synset('cords.n.01')],",,,,,,,Synset('cords.n.01'),l,,y,,
jodhpurs jodhpur_breeches riding_breeches,flared trousers ending at the calves; worn with riding boots,,,"[Synset('jodhpurs.n.01')],",,,,,,,Synset('jodhpurs.n.01'),l,,n,,
mink mink_coat,fur coat made from the soft lustrous fur of minks,,,,,"[Synset('mink.n.02')],",,,,,Synset('mink.n.02'),l,,y,,
diaper nappy napkin,garment consisting of a folded cloth drawn up between the legs and fastened at the waist; worn by infants to catch excrement,,"[Synset('diaper.n.01')],",,,,,,,,Synset('diaper.n.01'),b,,y,,standard term for nappies 
scapular scapulary,garment consisting of a long wide piece of woolen cloth worn over the shoulders with an opening for the head; part of a monastic habit,,"[Synset('scapular.n.02')],",,,,,,,,Synset('scapular.n.02'),l,x,n,,perhaps no basic level as general term but for specific item?
stomacher,garment consisting of a V-shaped panel of stiff material worn over the chest and stomach in the 16th century,,"[Synset('stomacher.n.01')],",,,,,,,,Synset('stomacher.n.01'),l,,y,,
sweat_suit sweatsuit sweats workout_suit,garment consisting of sweat pants and a sweatshirt,,"[Synset('sweat_suit.n.01')],",,,,,,,,Synset('sweat_suit.n.01'),l,,y,,
ironing,garments (clothes or linens) that are to be (or have been) ironed,,"[Synset('ironing.n.01'),",,,,,,,,Synset('ironing.n.01'),h,x,y,,perhaps none as can refer to any object that has been ironed/needs/is being ironed?
laundry wash washing washables,garments or white goods that can be cleaned by laundering,,"[Synset('laundry.n.01')],",,,,,,,,Synset('laundry.n.01'),h,x,y,,perhaps no basic level as can refer to any garment that can be laundered 
mending,garments that must be repaired,,"[Synset('mending.n.01')],",,,,,,,,Synset('mending.n.01'),h,x,y,x,perhaps no basic level as any garment can fit requirement if it needs fixed
work-shirt,heavy-duty shirts worn for manual or physical work,,,"[Synset('work-shirt.n.01')]],",,,,,,,Synset('work-shirt.n.01'),l,,y,,
britches,informal term for breeches,,,,"[Synset('britches.n.01')],",,,,,,Synset('britches.n.01'),l,,y,,
flatwork flat_wash,ironing that can be done mechanically,,,"[Synset('flatwork.n.01')]],",,,,,,,Synset('flatwork.n.01'),b,x,y,x,perhaps no basic level as can be done to any garment?
cardigan,knitted jacket that is fastened up the front with buttons or a zipper,,,"[Synset('cardigan.n.01')],",,,,,,,Synset('cardigan.n.01'),b,,y,,
lederhosen,leather shorts often worn with suspenders; worn especially by men and boys in Bavaria,,,,"[Synset('lederhosen.n.01')]],",,,,,,Synset('lederhosen.n.01'),l,,y,,
gaiter,legging consisting of a cloth or leather covering for the leg from the knee to the ankle,,,"[Synset('gaiter.n.03')],",,,,,,,Synset('gaiter.n.03'),l,,n,,specific type of leggings/trousers
cagoule,lightweight parka; waterproof,,,,,,"[Synset('cagoule.n.01')],",,,,Synset('cagoule.n.01'),l,,y,,
blazer sport_jacket sport_coat sports_jacket sports_coat,lightweight single-breasted jacket; often striped in the colors of a club or school,,,,,"[Synset('blazer.n.01')],",,,,,Synset('blazer.n.01'),l,,y,,
nightgown gown nightie night-robe nightdress,lingerie consisting of a loose dress designed to be worn in bed by women,,,,,"[Synset('nightgown.n.01')],",,,,,Synset('nightgown.n.01'),l,,y,,
ulster,loose long overcoat of heavy fabric; usually belted,,,,,"[Synset('ulster.n.02')]],",,,,,Synset('ulster.n.02'),l,,y,,
Norfolk_jacket,loose-fitting single-breasted jacket,,,,,"[Synset('norfolk_jacket.n.01')],",,,,,Synset('norfolk_jacket.n.01'),l,,y,,
sweat_pants sweatpants,loose-fitting trousers with elastic cuffs; worn by athletes,,,"[Synset('sweat_pants.n.01')],",,,,,,,Synset('sweat_pants.n.01'),l,,y,,
hose,man's close-fitting garment of the 16th and 17th centuries covering the legs and reaching up to the waist; worn with a doublet,,"[Synset('hose.n.02')],",,,,,,,,Synset('hose.n.02'),l,x,n,,perhaps no basic level - unsure what item is (similar to tights as americans call them panty-hose?) so could also be basic level 
sack_coat,man's hiplength coat with a straight back; the jacket of a suit,,,,"[Synset('sack_coat.n.01')],",,,,,,Synset('sack_coat.n.01'),l,,y,,
plus_fours,men's baggy knickers hanging below the knees; formerly worn for sports (especially golf),,,,"[Synset('plus_fours.n.01')],",,,,,,Synset('plus_fours.n.01'),l,,y,,
Skivvies,men's underwear consisting of cotton T-shirt and shorts,,,,"[Synset('skivvies.n.01')]]],",,,,,,Synset('skivvies.n.01'),l,,y,,
old_school_tie,necktie indicating the school the wearer attended,,,,"[Synset('old_school_tie.n.01')],",,,,,,Synset('old_school_tie.n.01'),l,,y,,
necktie tie,neckwear consisting of a long narrow piece of material worn (mostly by men) under a collar and tied in knot at the front,,,"[Synset('necktie.n.01'),",,,,,,,Synset('necktie.n.01'),b,,y,,tie' would be basic leve
cravat,neckwear worn in a slipknot with long ends overlapping vertically in front,,,"[Synset('cravat.n.01'),",,,,,,,Synset('cravat.n.01'),l,,y,x,
jump_suit jumpsuit,one-piece garment fashioned after a parachutist's uniform,,"[Synset('jump_suit.n.01')],",,,,,,,,Synset('jump_suit.n.01'),b,,y,,clear idea of type of garments from name - basic level
hand-me-down,outgrown garment passed down from one person to another,,"[Synset('hand-me-down.n.01')],",,,,,,,,Synset('hand-me-down.n.01'),h,x,y,,perhaps none as can refer to any object that has been owned by someone else 
gown surgical_gown scrubs,protective garment worn by surgeons during operations,,"[Synset('gown.n.04')],",,,,,,,,Synset('gown.n.04'),l,x,y,,"with this definition superordinate, but general term - perhap no basic level"
trunk_hose,puffed breeches of the 16th and 17th centuries usually worn over hose,,,,"[Synset('trunk_hose.n.01')]],",,,,,,Synset('trunk_hose.n.01'),l,,y,,
mantelet mantilla,short cape worn by women,,,,,"[Synset('mantelet.n.02')],",,,,,Synset('mantelet.n.02'),l,,y,,
Bermuda_shorts Jamaica_shorts,short pants that end at the knee,,,,"[Synset('bermuda_shorts.n.01')],",,,,,,Synset('bermuda_shorts.n.01'),l,,y,,
briefs Jockey_shorts,short tight-fitting underpants (trade name Jockey shorts),,,,"[Synset('briefs.n.01')],",,,,,,Synset('briefs.n.01'),l,,y,,
pantie panty scanty step-in,short underpants for women or children (usually used in the plural),,,,"[Synset('pantie.n.01')],",,,,,,Synset('pantie.n.01'),l,,y,,
hot_pants,skin-tight very short pants worn by young women as an outer garment,,,,"[Synset('hot_pants.n.02')],",,,,,,Synset('hot_pants.n.02'),l,,y,,
bikini_pants,small and tight-fitting underpants; worn by women,,,,"[Synset('bikini_pants.n.01')],",,,,,,Synset('bikini_pants.n.01'),l,,y,,
pedal_pusher toreador_pants,snug trousers ending at the calves; worn by women and girls,,,"[Synset('pedal_pusher.n.01')],",,,,,,,Synset('pedal_pusher.n.01'),l,,y,,
swimming_trunks bathing_trunks,swimsuit worn by men while swimming,,,"[Synset('swimming_trunks.n.01')]],",,,,,,,Synset('swimming_trunks.n.01'),l,,y,,
silks,the brightly colored garments of a jockey; emblematic of the stable,,"[Synset('silks.n.01')],",,,,,,,,Synset('silks.n.01'),l,x,n,x,"perhaps no basic level, as unsure what it is subordinate of "
yashmak yashmac,the face veil worn by Muslim women,,,"[Synset('yashmak.n.01')]],",,,,,,,Synset('yashmak.n.01'),l,,y,x,distinctive type of head covering may be basic
swimsuit swimwear bathing_suit swimming_costume bathing_costume,tight fitting garment worn for swimming,,"[Synset('swimsuit.n.01'),",,,,,,,,Synset('swimsuit.n.01'),b,,y,,
churidars,tight trousers worn by people from the Indian subcontinent (typically with a kameez or kurta),,,"[Synset('churidars.n.01')],",,,,,,,Synset('churidars.n.01'),l,,n,,
trews,tight-fitting trousers; usually of tartan,,,"[Synset('trews.n.01')]],",,,,,,,Synset('trews.n.01'),l,,y,,
BVD BVD's,trademark for men's underwear,,,,"[Synset('bvd.n.01')],",,,,,,Synset('bvd.n.01'),l,,y,,
breeches knee_breeches knee_pants knickerbockers knickers,trousers ending above the knee,,,"[Synset('breeches.n.01'),",,,,,,,Synset('breeches.n.01'),l,,y,,
stretch_pants,trousers made of a stretchy fabric,,,"[Synset('stretch_pants.n.01')],",,,,,,,Synset('stretch_pants.n.01'),l,,y,,
chino,trousers made with chino cloth,,,"[Synset('chino.n.01')],",,,,,,,Synset('chino.n.01'),l,,y,,
long_trousers long_pants,trousers reaching to the foot,,,"[Synset('long_trousers.n.01')],",,,,,,,Synset('long_trousers.n.01'),l,,y,,
short_pants shorts trunks,trousers that end at or above the knee,,,"[Synset('short_pants.n.01'),",,,,,,,Synset('short_pants.n.01'),l,,y,,
bellbottom_trousers bell-bottoms bellbottom_pants,trousers with legs that flare; worn by sailors; absurdly wide hems were fashionable in the 1960s,,,"[Synset('bellbottom_trousers.n.01')],",,,,,,,Synset('bellbottom_trousers.n.01'),l,,y,,
pantaloon,trousers worn in former times,,,"[Synset('pantaloon.n.03')],",,,,,,,Synset('pantaloon.n.03'),l,,y,,
underwear underclothes underclothing,undergarment worn next to the skin and under the outer garments,,,"[Synset('underwear.n.01'),",,,,,,,Synset('underwear.n.01'),b,,y,,
petticoat half-slip underskirt,undergarment worn under a skirt,,,"[Synset('petticoat.n.01'),",,,,,,,Synset('petticoat.n.01'),l,,y,,
thong,underpants resembling a G-string; worn by women especially under very tight pants,,,,"[Synset('thong.n.02')]],",,,,,,Synset('thong.n.02'),l,,y,,
drawers underdrawers shorts boxers boxershorts,underpants worn by men,,,,"[Synset('drawers.n.01')],",,,,,,Synset('drawers.n.01'),l,,y,,
bloomers pants drawers knickers,underpants worn by women,,,,"[Synset('bloomers.n.01')],",,,,,,Synset('bloomers.n.01'),l,,y,,
ballet_skirt tutu,very short skirt worn by ballerinas,,,"[Synset('ballet_skirt.n.01')],",,,,,,,Synset('ballet_skirt.n.01'),l,,y,,
mess_jacket monkey_jacket shell_jacket,waist-length jacket tapering to a point at the back; worn by officers in the mess for formal dinners,,,,,"[Synset('mess_jacket.n.01')],",,,,,Synset('mess_jacket.n.01'),l,,y,,
long_johns,warm underwear with long legs,,,,"[Synset('long_johns.n.01')],",,,,,,Synset('long_johns.n.01'),l,x,y,,
undies,women's underwear,,,,,"[Synset('undies.n.01')]],",,,,,Synset('undies.n.01'),h,,y,,
lingerie intimate_apparel,women's underwear and nightclothes,,,,"[Synset('lingerie.n.01'),",,,,,,Synset('lingerie.n.01'),h,x,y,,